insert into caja (idCaja,monto) values (1,'100000.0');
insert into financiera (idFinanciera,nombre,montoCapital) values (1,'Naranja',110000),(2,'Frances',220000);
insert into afiliado (idAfiliado,nombre,apellido,dni,puesto,antiguedad,sueldo,clasificacion) values (1,'Martin','Ale',123456789,null,9,20000,null);
insert into prestamo (idPrestamo,saldo,cuotas,dni,estado,interes,valor,afiliado_idAfiliado,financiera_idFinanciera) values (1,2500,6,123456789,'activo',0.35,5000,1,null),(2,5000,6,null,'activo',0.20,5000,null,1);
insert into cuota (idCuota,monto,interes,montoTotal,estado,fechaDePago,fechaDeVencimiento,prestamo_idPrestamo,cubierto)values(1,'833','145.8','978.8',true,'2018-07-15','2018-07-30',1,false),(2,'833','145.8','978.8',true,'2018-08-15','2018-08-30',1,false),(3,'833','145.8','978.8',true,'2018-09-15','2018-09-30',1,false),(4,'833','145.8','978.8',false,null,'2018-10-30',1,false),(5,'833','145.8','978.8',false,null,'2018-11-30',1,false),(6,'833','145.8','978.8',false,null,'2018-12-30',1,false),(7,'833','83.3','916.3',true,'2018-07-15','2018-07-30',2,false),(8,'833','83.3','916.3',true,'2018-08-15','2018-08-30',2,false),(9,'833','83.3','916.3',true,'2018-09-15','2018-09-30',2,false),(10,'833','83.3','916.3',true,'2018-10-15','2018-10-30',2,false),(11,'833','83.3','916.3',true,'2018-11-15','2018-11-30',2,false),(12,'833','83.3','916.3',false,null,'2018-12-30',2,false);
insert into afiliado_prestamo (Afiliado_idAfiliado,prestamo_idPrestamo) values (1,1);
insert into financiera_prestamo (Financiera_idFinanciera,pestamos_idPrestamo) values (1,2);
insert into prestamo_cuota (Prestamo_idPrestamo,cuota_idCuota) values (1,1),(1,2),(1,3),(1,4),(1,5),(1,6),(2,7),(2,8),(2,9),(2,10),(2,11),(2,12);